{"cameraMode":{"drawMode":0,"name":"Shaded","section":"Shading Mode"},"sceneLighting":false,"audioPlay":false,"sceneViewState":{"m_AlwaysRefresh":false,"showFog":true,"showSkybox":false,"showFlares":true,"showImageEffects":true,"showParticleSystems":true,"showVisualEffectGraphs":true,"m_FxEnabled":true},"in2DMode":false,"pivot":{"x":-30.749000549316408,"y":2.5900001525878908,"z":18.3799991607666},"rotation":{"x":0.002515746746212244,"y":0.9260462522506714,"z":-0.37774205207824709,"w":0.0054340907372534279},"size":12.12435531616211,"orthographic":false}