{"cameraMode":{"drawMode":0,"name":"Shaded","section":"Shading Mode"},"sceneLighting":false,"audioPlay":false,"sceneViewState":{"m_AlwaysRefresh":false,"showFog":true,"showSkybox":true,"showFlares":true,"showImageEffects":true,"showParticleSystems":true,"showVisualEffectGraphs":true,"m_FxEnabled":true},"in2DMode":false,"pivot":{"x":-36.1928825378418,"y":0.004758932162076235,"z":36.54042053222656},"rotation":{"x":0.1876440942287445,"y":-0.07472504675388336,"z":0.014515358954668045,"w":0.9794229865074158},"size":12.12435531616211,"orthographic":false}