{"cameraMode":{"drawMode":0,"name":"Shaded","section":"Shading Mode"},"sceneLighting":false,"audioPlay":false,"sceneViewState":{"m_AlwaysRefresh":false,"showFog":true,"showSkybox":true,"showFlares":true,"showImageEffects":true,"showParticleSystems":true,"showVisualEffectGraphs":true,"m_FxEnabled":true},"in2DMode":false,"pivot":{"x":-25.43343734741211,"y":6.106829643249512,"z":0.3022925555706024},"rotation":{"x":-0.013991199433803559,"y":0.6449498534202576,"z":-0.011809294112026692,"w":-0.7640090584754944},"size":29.309823989868165,"orthographic":false}