{"cameraMode":{"drawMode":0,"name":"Shaded","section":"Shading Mode"},"sceneLighting":false,"audioPlay":false,"sceneViewState":{"m_AlwaysRefresh":false,"showFog":true,"showSkybox":true,"showFlares":true,"showImageEffects":true,"showParticleSystems":true,"showVisualEffectGraphs":true,"m_FxEnabled":true},"in2DMode":false,"pivot":{"x":25.575456619262697,"y":10.352272033691407,"z":-4.282337188720703},"rotation":{"x":-0.2882683575153351,"y":0.43354132771492007,"z":-0.14865002036094666,"w":-0.8407506942749023},"size":0.7356052398681641,"orthographic":false}