{"cameraMode":{"drawMode":0,"name":"Shaded","section":"Shading Mode"},"sceneLighting":false,"audioPlay":false,"sceneViewState":{"m_AlwaysRefresh":false,"showFog":true,"showSkybox":true,"showFlares":true,"showImageEffects":true,"showParticleSystems":true,"showVisualEffectGraphs":true,"m_FxEnabled":true},"in2DMode":false,"pivot":{"x":7.059703826904297,"y":1.0030041933059693,"z":32.17787170410156},"rotation":{"x":0.13627563416957856,"y":-0.35146117210388186,"z":0.05083143338561058,"w":0.9259011745452881},"size":12.12435531616211,"orthographic":false}