{"cameraMode":{"drawMode":0,"name":"Shaded","section":"Shading Mode"},"sceneLighting":false,"audioPlay":false,"sceneViewState":{"m_AlwaysRefresh":false,"showFog":true,"showSkybox":true,"showFlares":true,"showImageEffects":true,"showParticleSystems":true,"showVisualEffectGraphs":true,"m_FxEnabled":true},"in2DMode":false,"pivot":{"x":-12.160467147827149,"y":-177.2939910888672,"z":218.10711669921876},"rotation":{"x":-0.49143585562705996,"y":0.005099417641758919,"z":-0.001572857378050685,"w":-0.8717702031135559},"size":202.75936889648438,"orthographic":false}