{"cameraMode":{"drawMode":0,"name":"Shaded","section":"Shading Mode"},"sceneLighting":false,"audioPlay":false,"sceneViewState":{"m_AlwaysRefresh":false,"showFog":true,"showSkybox":true,"showFlares":true,"showImageEffects":true,"showParticleSystems":true,"showVisualEffectGraphs":true,"m_FxEnabled":true},"in2DMode":false,"pivot":{"x":-14.487682342529297,"y":-1.8880724906921387,"z":27.59139060974121},"rotation":{"x":-0.056649141013622287,"y":0.39793825149536135,"z":-0.024626992642879487,"w":-0.9153331518173218},"size":17.662424087524415,"orthographic":false}