{"cameraMode":{"drawMode":0,"name":"Shaded","section":"Shading Mode"},"sceneLighting":false,"audioPlay":false,"sceneViewState":{"m_AlwaysRefresh":false,"showFog":true,"showSkybox":true,"showFlares":true,"showImageEffects":true,"showParticleSystems":true,"showVisualEffectGraphs":true,"m_FxEnabled":true},"in2DMode":false,"pivot":{"x":-4.526830673217773,"y":11.472641944885254,"z":185.33255004882813},"rotation":{"x":-0.18911489844322205,"y":-0.23435504734516145,"z":0.04452254995703697,"w":-0.9536190629005432},"size":12.124356269836426,"orthographic":false}